Week,NSP5_L50F,NSP5_T21N,NSP5_T21I,NSP5_M165L,NSP5_M165del,NSP5_M165V,NSP5_E166del,NSP5_L167S,NSP5_L167A,NSP5_P168S,NSP5_H172T,NSP5_H172Y,NSP5_R188T,NSP5_R188M,NSP5_Q189F,NSP5_Q189K,NSP5_Q192T,NSP5_Q192stop,NSP5_P252T,NSP5_P252L,NSP5_T304I
2005-07-11,0,0,0,0,0,0,0,0,0,0,0,0,0,0,0,0,0,0,0,0,0
2020-01-20,0,0,0,0,0,0,0,0,0,0,0,0,0,0,0,0,0,0,0,0,0
2020-03-02,0,0,0,0,0,0,0,0,0,0,0,0,0,0,0,0,0,0,0,0,0
2020-03-09,0,0,0,0,0,0,0,0,0,0,0,0,0,0,0,0,0,0,0,0,0
2020-03-16,0,0,0,0,0,0,0,0,0,0,0,0,0,0,0,0,0,0,0,0,0
2020-03-23,0,0,0,0,0,0,0,0,0,0,0,0,0,0,0,0,0,0,0,0,0
2020-03-30,0,0,0,0,0,0,0,0,0,0,0,0,0,0,0,0,0,0,0,0,0
2020-04-06,0,0,0,0,0,0,0,0,0,0,0,0,0,0,0,0,0,0,0,0,0
2020-04-13,0,0,0,0,0,0,0,0,0,0,0,0,0,0,0,1,0,0,0,0,0
2020-04-20,0,0,0,0,0,0,0,0,0,0,0,0,0,0,0,1,1,0,0,0,0
2020-04-27,0,0,0,0,0,0,0,0,0,0,0,0,0,0,0,1,1,0,0,0,0
2020-05-04,0,0,0,0,0,0,0,0,0,0,0,0,0,0,0,3,1,0,0,0,0
2020-05-11,0,0,0,0,0,0,0,0,0,0,0,0,0,0,0,3,1,0,0,0,0
2020-05-18,0,0,0,0,0,0,0,0,0,0,0,0,0,0,0,3,1,0,0,0,0
2020-05-25,0,0,0,0,0,0,0,0,0,0,0,0,0,0,0,3,1,0,0,0,0
2020-06-01,0,0,1,0,0,0,0,0,0,0,0,0,0,0,0,3,1,0,0,0,0
2020-06-08,0,0,1,0,0,0,0,0,0,0,0,0,0,0,0,3,1,0,0,0,0
2020-06-15,0,0,1,0,0,0,0,0,0,0,0,0,0,0,0,3,1,0,0,0,0
2020-06-22,0,0,1,0,0,0,0,0,0,0,0,0,0,0,0,3,1,0,0,0,0
2020-06-29,0,0,1,0,0,0,0,0,0,0,0,0,0,0,0,3,1,0,0,0,0
2020-07-06,0,0,1,0,0,0,0,0,0,0,0,0,0,0,0,3,1,1,0,0,0
2020-07-13,0,0,1,0,0,0,0,0,0,0,0,0,0,0,0,3,1,1,0,0,0
2020-07-20,0,0,1,0,0,0,0,0,0,0,0,0,0,0,0,3,1,1,0,0,0
2020-07-27,0,0,1,0,0,0,0,0,0,0,0,0,0,0,0,3,1,1,0,0,0
2020-08-03,0,0,1,0,0,0,0,0,0,0,0,0,0,0,0,3,1,1,0,0,0
2020-08-10,0,0,1,0,0,0,0,0,0,0,0,0,0,0,0,3,1,1,0,0,0
2020-08-17,0,0,1,0,0,0,0,0,0,0,0,0,0,0,0,3,1,1,0,0,0
2020-08-24,2,0,1,0,0,0,0,0,0,0,0,0,0,0,0,3,1,1,0,0,0
2020-08-31,2,0,2,0,0,0,0,0,0,0,0,0,0,0,0,3,1,1,0,0,0
2020-09-07,2,0,2,0,0,0,0,0,0,0,0,0,0,0,0,3,1,1,0,0,0
2020-09-14,2,0,2,0,0,0,0,0,0,1,0,0,0,0,0,3,1,1,0,0,0
2020-09-21,2,0,2,0,0,0,0,0,0,1,0,0,0,0,0,3,1,1,0,0,0
2020-09-28,3,0,2,0,0,0,0,0,0,1,0,0,0,0,0,3,1,1,0,0,0
2020-10-05,3,0,2,0,0,0,0,0,0,1,0,0,0,0,0,3,1,1,0,0,0
2020-10-12,3,0,2,0,0,0,0,0,0,1,0,0,0,0,0,3,1,1,0,0,0
2020-10-19,3,0,3,0,0,0,0,0,0,1,0,0,0,0,0,3,1,1,0,0,0
2020-10-26,3,0,3,0,0,0,0,0,0,1,0,0,0,0,0,3,1,1,0,0,0
2020-11-02,3,0,9,0,0,0,0,0,0,3,0,0,0,0,0,3,1,1,0,0,1
2020-11-09,3,0,9,0,0,0,0,0,0,3,0,0,0,0,0,3,1,1,0,0,1
2020-11-16,4,0,9,0,0,0,0,0,0,3,0,0,0,0,0,3,1,1,0,0,1
2020-11-23,5,0,9,0,0,0,0,0,0,3,0,0,0,0,0,3,1,1,0,0,1
2020-11-30,6,0,9,0,0,0,0,0,0,3,0,0,0,0,0,3,1,1,0,0,1
2020-12-07,6,0,9,0,0,0,0,0,0,3,0,0,0,0,0,3,1,1,0,0,1
2020-12-14,6,0,9,0,0,0,0,0,0,3,0,0,0,0,0,3,1,1,0,0,1
2020-12-21,9,0,9,0,0,0,0,0,0,3,0,0,0,0,0,3,1,1,0,0,1
2020-12-28,9,0,9,0,0,1,0,0,0,3,0,0,0,0,0,3,1,1,0,0,3
2021-01-04,16,0,11,0,0,1,0,0,0,3,0,0,0,0,0,3,1,1,0,0,5
2021-01-11,21,0,15,0,0,1,0,0,0,3,0,0,0,0,0,3,1,1,0,0,5
2021-01-18,26,0,15,0,0,1,0,0,0,3,0,1,0,0,0,3,1,1,0,0,5
2021-01-25,29,0,15,0,0,1,0,0,0,3,0,1,0,0,0,3,1,1,0,0,5
2021-02-01,36,0,15,0,0,1,0,0,0,3,0,1,0,0,0,3,1,1,0,0,5
2021-02-08,39,0,17,0,0,1,0,0,0,3,0,1,0,0,0,3,1,1,0,0,5
2021-02-15,39,0,17,0,0,1,0,0,0,3,0,1,0,0,0,3,1,1,0,0,5
2021-02-22,39,0,19,0,0,1,0,0,0,3,0,1,0,0,0,3,1,1,0,0,5
2021-03-01,39,0,20,0,0,1,0,0,0,3,0,1,0,0,0,3,1,1,0,0,5
2021-03-08,39,0,20,0,0,1,0,0,0,3,0,1,0,0,0,3,1,1,0,0,5
2021-03-15,39,1,22,0,1,1,1,0,1,4,1,1,1,0,1,3,1,1,0,1,5
2021-03-22,41,3,28,0,2,1,2,0,2,4,2,1,2,0,2,3,1,1,0,1,5
2021-03-29,41,3,31,0,2,1,2,0,2,4,2,1,2,0,2,3,1,1,0,1,5
2021-04-05,41,3,34,0,2,1,2,0,2,4,2,1,2,0,2,3,1,1,0,1,5
2021-04-12,41,3,36,0,2,1,2,0,2,4,2,1,2,0,2,3,1,1,0,1,5
2021-04-19,41,3,37,0,2,1,2,0,2,4,2,1,2,0,2,3,1,1,0,1,5
2021-04-26,41,3,39,0,2,1,2,0,2,4,2,1,2,0,2,3,1,1,0,1,6
2021-05-03,42,3,43,0,2,1,2,0,2,4,2,1,2,0,2,3,1,1,0,1,6
2021-05-10,42,3,46,0,2,1,2,0,2,4,2,1,2,0,2,3,1,1,0,1,6
2021-05-17,42,3,47,0,2,1,2,0,2,4,2,1,2,0,2,3,1,1,0,1,6
2021-05-24,42,3,47,0,2,1,2,0,2,4,2,1,2,0,2,3,1,1,0,1,6
2021-05-31,42,3,49,0,2,1,2,0,2,4,2,1,2,0,2,3,1,1,0,1,6
2021-06-07,42,3,50,0,2,1,2,0,2,4,2,1,2,0,2,3,1,1,0,1,6
2021-06-14,42,3,51,0,2,1,2,0,2,4,2,1,2,0,2,3,1,1,0,1,6
2021-06-21,42,3,53,0,2,1,2,0,2,4,2,1,2,0,2,3,1,1,0,1,6
2021-06-28,42,3,53,0,2,1,2,0,2,4,2,1,2,0,2,3,1,1,0,1,6
2021-07-05,42,3,54,0,2,1,2,0,2,4,2,1,2,0,2,3,1,1,0,1,6
2021-07-12,43,3,54,0,2,1,2,0,2,4,2,1,2,0,2,3,1,1,0,1,6
2021-07-19,43,3,54,0,2,1,2,0,2,4,2,1,2,0,2,3,1,1,0,1,6
2021-07-26,43,3,54,0,2,1,2,0,2,4,2,1,2,0,2,3,1,1,0,1,6
2021-08-02,44,3,54,0,2,1,2,0,2,4,2,1,2,0,2,3,1,1,0,1,6
2021-08-09,45,3,57,0,2,1,2,0,2,4,2,1,2,0,2,3,1,1,0,1,6
2021-08-16,45,3,59,0,2,1,2,0,2,4,2,1,2,0,2,4,2,1,0,1,6
2021-08-23,45,3,63,0,2,1,2,0,2,4,2,1,2,0,2,4,2,1,0,1,6
2021-08-30,45,3,66,0,2,1,2,0,2,4,2,1,2,0,2,4,2,1,0,1,6
2021-09-06,45,3,67,0,2,1,2,0,2,4,2,1,2,0,2,4,2,1,0,1,6
2021-09-13,46,3,67,0,2,1,2,0,2,4,2,1,2,0,2,4,3,1,0,1,6
2021-09-20,46,3,67,0,2,1,2,0,2,4,2,1,2,0,2,4,3,1,0,1,6
2021-09-27,47,3,68,0,2,1,2,0,2,4,2,1,2,0,2,4,3,1,0,1,6
2021-10-04,47,3,68,0,2,1,2,0,2,4,2,1,2,0,2,4,3,1,0,1,6
2021-10-11,49,3,73,0,2,1,2,0,2,4,2,1,2,0,2,4,3,1,0,1,6
2021-10-18,50,3,74,0,2,1,2,0,2,4,2,1,2,0,2,4,3,1,2,1,6
2021-10-25,50,3,74,1,2,1,2,0,2,4,2,1,2,0,2,4,3,1,2,1,6
2021-11-01,52,3,77,1,2,1,2,0,2,4,2,1,2,0,2,4,3,1,2,1,6
2021-11-08,52,3,77,1,2,1,2,0,2,4,2,1,2,0,2,4,3,1,2,1,6
2021-11-15,52,3,77,1,2,1,2,0,2,4,2,1,2,0,2,4,3,1,3,1,6
2021-11-22,53,3,79,1,2,1,2,0,2,5,2,1,2,0,2,4,3,1,3,1,6
2021-11-29,54,3,80,1,2,1,2,0,2,5,2,1,2,0,2,4,3,1,4,1,7
2021-12-06,54,3,82,1,2,1,2,0,2,5,2,1,2,2,2,4,3,1,4,1,7
2021-12-13,54,3,85,1,2,1,2,0,2,5,2,1,2,2,2,4,3,1,4,1,7
2021-12-20,55,3,90,1,2,1,2,0,2,5,2,1,2,2,2,4,3,1,4,1,8
2021-12-27,55,3,91,1,2,1,2,0,2,5,2,1,2,2,2,4,3,1,4,1,8
2022-01-03,56,3,92,1,2,1,2,0,2,5,2,1,2,2,2,4,3,1,4,1,9
2022-01-10,58,3,95,1,2,1,2,1,2,6,2,1,2,2,2,4,3,1,4,1,10
2022-01-17,59,3,97,1,2,1,2,1,2,9,2,1,2,2,2,4,3,1,4,2,10
2022-01-24,59,3,98,1,2,1,2,1,2,9,2,1,2,2,2,4,3,1,4,3,10
2022-01-31,60,3,98,1,2,1,2,1,2,9,2,1,2,2,2,4,3,1,4,3,10
2022-02-07,60,3,99,1,2,1,2,1,2,9,2,1,2,2,2,4,3,1,4,3,10
2022-02-14,60,3,99,1,2,1,2,1,2,9,2,1,2,2,2,4,3,1,4,3,10
2022-02-21,60,3,99,1,2,1,2,1,2,9,2,1,2,2,2,4,3,1,4,3,10
2022-02-28,60,3,99,1,2,1,2,1,2,9,2,1,2,2,2,4,3,1,4,3,10
2022-03-07,60,3,99,1,2,1,2,1,2,9,2,1,2,2,2,4,3,1,4,3,10
2022-03-14,60,3,99,1,2,1,2,1,2,9,2,1,2,2,2,4,3,1,4,3,10
2022-03-21,60,3,99,1,2,1,2,1,2,9,2,1,2,2,2,4,3,1,4,3,10
2022-03-28,60,3,99,1,2,1,2,1,2,9,2,1,2,2,2,4,3,1,4,3,10
2022-04-04,60,3,99,1,2,1,2,1,2,9,2,1,2,2,2,4,3,1,4,3,10
2022-04-11,60,3,99,1,2,1,2,1,2,9,2,1,2,2,2,4,3,1,4,3,10
2022-04-18,60,3,99,1,2,1,2,1,2,9,2,1,2,2,2,4,3,1,4,3,10
2022-04-25,60,3,100,1,2,1,2,1,2,9,2,1,2,2,2,4,3,1,4,3,10
2022-05-02,60,3,100,1,2,1,2,1,2,9,2,1,2,2,2,4,3,1,4,3,10
2022-05-09,60,3,100,1,2,1,2,1,2,9,2,1,2,2,2,4,3,1,4,4,10
2022-05-16,60,3,100,1,2,1,2,1,2,9,2,1,2,2,2,4,3,1,4,4,10
2022-05-23,60,3,100,1,2,1,2,1,2,9,2,1,2,2,2,4,3,1,4,4,10
2022-05-30,60,3,101,1,2,1,2,1,2,9,2,1,2,2,2,4,3,1,4,4,11
2022-06-06,60,3,103,1,2,1,2,1,2,9,2,1,2,2,2,4,3,1,4,4,11
2022-06-13,60,3,103,1,2,1,2,1,2,9,2,1,2,2,2,4,3,1,4,4,11
2022-06-20,60,3,107,1,2,1,2,1,2,9,2,1,2,2,2,4,3,1,4,4,11
2022-06-27,60,3,107,1,2,1,2,1,2,10,2,1,2,2,2,4,3,1,4,4,11
2022-07-04,60,3,109,1,2,1,2,1,2,10,2,1,2,2,2,4,3,1,4,4,11
2022-07-11,60,3,110,1,2,1,2,1,2,10,2,1,2,2,2,4,3,1,4,4,11
2022-07-18,60,3,110,1,2,1,2,1,2,10,2,1,2,2,2,4,3,1,4,5,11
2022-07-25,60,3,111,1,2,1,2,1,2,10,2,1,2,2,2,4,3,1,4,5,11
2022-08-01,60,3,111,1,2,1,2,1,2,10,2,1,2,2,2,4,3,1,4,5,11
2022-08-08,60,3,111,1,2,1,2,1,2,10,2,1,2,2,2,4,3,1,4,5,11
2022-08-15,60,3,111,1,2,1,2,1,2,10,2,1,2,2,2,4,3,1,4,5,11
2022-08-22,60,3,111,1,2,1,2,1,2,10,2,1,2,2,2,4,3,1,4,5,11
2022-08-29,60,3,111,1,2,1,2,1,2,10,2,1,2,2,2,4,3,1,4,5,11
2022-09-05,60,3,112,1,2,1,2,1,2,10,2,1,2,2,2,4,3,1,4,5,11
2022-09-12,60,3,112,1,2,1,2,1,2,10,2,1,2,2,2,4,3,1,4,5,11
2022-09-19,60,3,112,1,2,1,2,1,2,10,2,1,2,2,2,4,3,1,4,5,11
2022-09-26,60,3,112,1,2,1,2,1,2,10,2,1,2,2,2,4,3,1,4,5,11
2022-10-03,60,3,114,1,2,1,2,1,2,10,2,1,2,2,2,4,3,1,4,5,11
2022-10-10,60,3,114,1,2,1,2,1,2,10,2,1,2,2,2,4,3,1,4,5,11
2022-10-17,60,3,114,1,2,1,2,1,2,10,2,1,2,2,2,4,3,1,4,5,11
2022-10-24,60,3,114,1,2,1,2,1,2,10,2,1,2,2,2,4,3,1,4,5,11
2022-10-31,60,3,115,1,2,1,2,1,2,10,2,1,2,2,2,4,3,1,4,5,11
2022-11-07,60,3,115,1,2,1,2,1,2,10,2,1,2,2,2,4,3,1,4,5,11
2022-11-14,60,3,116,1,2,1,2,1,2,10,2,1,2,2,2,4,3,1,4,5,11
2022-11-21,60,3,117,1,2,1,2,1,2,10,2,1,2,2,2,4,3,1,4,5,11
2022-11-28,60,3,117,1,2,1,2,1,2,10,2,1,2,2,2,4,3,1,4,6,11
2022-12-05,60,3,117,1,2,1,2,1,2,10,2,1,2,2,2,4,3,1,4,6,11
2022-12-12,60,3,117,1,2,1,2,1,2,10,2,1,2,2,2,4,3,1,4,6,11
2022-12-19,60,3,117,1,2,1,2,1,2,10,2,1,2,2,2,4,3,1,4,6,11
2022-12-26,60,3,118,1,2,1,2,1,2,10,2,1,2,2,2,4,3,1,4,6,11
2023-01-02,60,3,119,1,2,1,2,1,2,10,2,1,2,2,2,4,3,1,4,6,11
2023-01-09,60,3,119,1,2,1,2,1,2,10,2,1,2,2,2,4,3,1,4,6,11
