,Jul-11-2005,Jan-20-2020,Mar-02-2020,Mar-09-2020,Mar-16-2020,Mar-23-2020,Mar-30-2020,Apr-06-2020,Apr-13-2020,Apr-20-2020,Apr-27-2020,May-04-2020,May-11-2020,May-18-2020,May-25-2020,Jun-01-2020,Jun-08-2020,Jun-15-2020,Jun-22-2020,Jun-29-2020,Jul-06-2020,Jul-13-2020,Jul-20-2020,Jul-27-2020,Aug-03-2020,Aug-10-2020,Aug-17-2020,Aug-24-2020,Aug-31-2020,Sep-07-2020,Sep-14-2020,Sep-21-2020,Sep-28-2020,Oct-05-2020,Oct-12-2020,Oct-19-2020,Oct-26-2020,Nov-02-2020,Nov-09-2020,Nov-16-2020,Nov-23-2020,Nov-30-2020,Dec-07-2020,Dec-14-2020,Dec-21-2020,Dec-28-2020,Jan-04-2021,Jan-11-2021,Jan-18-2021,Jan-25-2021,Feb-01-2021,Feb-08-2021,Feb-15-2021,Feb-22-2021,Mar-01-2021,Mar-08-2021,Mar-15-2021,Mar-22-2021,Mar-29-2021,Apr-05-2021,Apr-12-2021,Apr-19-2021,Apr-26-2021,May-03-2021,May-10-2021,May-17-2021,May-24-2021,May-31-2021,Jun-07-2021,Jun-14-2021,Jun-21-2021,Jun-28-2021,Jul-05-2021,Jul-12-2021,Jul-19-2021,Jul-26-2021,Aug-02-2021,Aug-09-2021,Aug-16-2021,Aug-23-2021,Aug-30-2021,Sep-06-2021,Sep-13-2021,Sep-20-2021,Sep-27-2021,Oct-04-2021,Oct-11-2021,Oct-18-2021,Oct-25-2021,Nov-01-2021,Nov-08-2021,Nov-15-2021,Nov-22-2021,Nov-29-2021,Dec-06-2021,Dec-13-2021,Dec-20-2021,Dec-27-2021,Jan-03-2022,Jan-10-2022,Jan-17-2022,Jan-24-2022,Jan-31-2022,Feb-07-2022,Feb-14-2022,Feb-21-2022,Feb-28-2022,Mar-07-2022,Mar-14-2022,Mar-21-2022,Mar-28-2022,Apr-04-2022,Apr-11-2022,Apr-18-2022,Apr-25-2022,May-02-2022,May-09-2022,May-16-2022,May-23-2022,May-30-2022,Jun-06-2022,Jun-13-2022,Jun-20-2022,Jun-27-2022,Jul-04-2022,Jul-11-2022,Jul-18-2022,Jul-25-2022,Aug-01-2022,Aug-08-2022,Aug-15-2022,Aug-22-2022,Aug-29-2022,Sep-05-2022,Sep-12-2022,Sep-19-2022,Sep-26-2022,Oct-03-2022,Oct-10-2022,Oct-17-2022,Oct-24-2022,Oct-31-2022,Nov-07-2022,Nov-14-2022,Nov-21-2022,Nov-28-2022,Dec-05-2022,Dec-12-2022,Dec-19-2022,Dec-26-2022,Jan-02-2023,Jan-09-2023,Jan-16-2023
Alpha (B.1.1.7),0,0,0,0,0,0,0,0,0,0,0,0,0,0,0,0,0,0,0,0,0,0,0,0,0,0,0,0,0,0,0,0,0,0,0,0,0,1,0,0,0,0,0,0,0,0,3,0,3,1,30,25,16,24,44,83,81,171,238,461,512,437,465,385,315,280,159,128,131,93,108,59,77,30,21,7,5,3,0,0,0,0,0,0,0,0,1,0,0,0,0,0,0,0,1,1,0,0,0,0,0,0,0,0,0,1,0,0,0,0,0,0,0,0,0,0,0,0,0,0,0,0,0,0,0,0,0,0,0,0,0,0,0,0,0,0,0,0,0,0,0,0,0,0,0,0,0,0,0,0,0,0,0
Delta (B.1.617.2),0,0,0,0,0,0,0,0,0,0,0,0,0,0,0,0,0,0,0,2,4,0,4,0,0,0,0,0,0,0,0,0,0,2,14,0,0,0,0,0,0,0,0,0,0,0,0,0,0,1,2,6,0,0,2,4,8,1,6,1,0,0,8,5,16,35,39,47,98,121,324,331,914,852,1700,1252,1793,1859,1992,2005,2265,2088,2141,2076,2397,2449,2562,2673,3065,3497,3526,3776,3385,4394,3171,3359,2072,1194,479,214,96,36,16,3,10,6,2,0,0,2,0,2,0,0,0,0,0,0,0,3,0,2,0,0,2,0,0,0,0,0,0,0,0,1,0,0,0,0,4,4,0,0,1,0,0,0,0,0,0,0,0,0,0
Gamma (P.1),0,0,0,0,0,0,0,0,0,0,0,0,0,0,0,0,0,0,0,0,0,0,0,0,0,0,0,0,0,0,0,0,0,0,0,0,0,0,0,0,0,0,0,0,0,0,0,0,0,0,0,0,0,1,3,2,6,7,17,30,40,47,75,47,88,72,52,61,52,43,75,53,65,40,25,14,10,8,1,0,0,0,0,0,0,0,0,0,0,0,0,0,0,0,0,0,0,0,0,0,0,0,0,0,0,0,0,0,0,0,0,0,0,0,0,0,0,0,0,0,0,0,0,0,0,0,0,0,0,0,0,0,0,0,0,0,0,0,0,0,0,0,0,0,0,0,0,0,0,0,0,0,0
Beta (B.1.351),0,0,0,0,0,0,0,0,0,0,0,0,0,0,0,0,0,0,0,0,0,0,0,0,0,0,0,0,0,0,0,0,0,0,0,0,0,0,0,0,0,0,0,0,0,0,0,0,0,0,0,0,0,0,2,2,0,2,7,13,6,2,5,6,6,7,0,0,0,0,0,0,0,1,0,0,0,0,0,0,0,0,0,0,0,0,0,0,0,0,0,0,0,0,0,0,0,0,0,0,0,0,0,0,0,0,0,0,0,0,0,0,0,0,0,0,0,0,0,0,0,0,0,0,0,0,0,0,0,0,0,0,0,0,0,0,0,0,0,0,0,0,0,0,0,0,0,0,0,0,0,0,0
Epsilon (B.1.427/429),0,0,0,0,0,0,0,0,0,0,1,2,0,0,0,0,23,16,18,7,5,6,2,4,3,3,8,129,106,59,42,14,6,12,8,8,10,21,12,1,2,7,12,11,56,43,252,363,434,309,267,264,179,247,219,154,156,156,145,110,69,29,33,17,8,1,2,3,0,1,0,0,0,0,0,0,0,0,0,0,0,0,0,0,0,0,0,0,0,0,0,0,0,0,1,2,0,0,0,0,0,0,0,0,0,0,0,0,0,0,0,0,0,0,0,0,0,0,0,0,0,0,0,0,0,0,0,0,0,0,0,0,0,0,0,0,0,0,0,0,0,0,0,0,0,0,0,0,0,0,0,0,0
Eta (B.1.525),0,0,0,0,0,0,0,0,0,0,0,0,0,0,0,0,0,0,0,0,0,0,0,0,0,0,0,0,0,0,0,0,0,0,0,0,0,0,0,0,0,0,0,0,0,0,0,0,0,0,0,0,0,0,0,0,0,0,0,1,0,0,0,0,0,0,0,0,0,0,0,0,0,0,0,0,0,0,0,0,0,0,0,0,0,0,0,0,0,0,0,0,0,0,0,0,0,0,0,0,0,0,0,0,0,0,0,0,0,0,0,0,0,0,0,0,0,0,0,0,0,0,0,0,0,0,0,0,0,0,0,0,0,0,0,0,0,0,0,0,0,0,0,0,0,0,0,0,0,0,0,0,0
Iota (B.1.526),0,0,0,0,0,0,0,0,0,0,0,0,0,0,0,0,0,0,0,0,0,0,0,0,0,0,0,0,0,0,0,0,0,0,0,0,0,0,0,0,0,0,0,0,0,0,0,2,0,0,0,2,0,5,1,6,14,13,40,48,33,30,36,24,28,20,4,12,10,0,3,1,1,1,0,0,0,0,0,0,0,0,0,0,0,0,0,0,0,0,0,0,0,0,0,0,0,0,0,0,0,0,0,0,0,0,0,0,0,0,0,0,0,0,0,0,0,0,0,0,0,0,0,0,0,0,0,0,0,0,0,0,0,0,0,0,0,0,0,0,0,0,0,0,0,0,0,0,0,0,0,0,0
Kappa (B.1.617.1),0,0,0,0,0,0,0,0,0,0,0,0,0,0,0,0,0,0,0,0,0,0,0,0,0,0,0,0,0,0,0,0,0,0,0,0,0,0,0,0,0,0,0,0,0,0,0,0,0,0,0,0,0,0,0,0,0,0,0,0,1,0,0,0,1,0,0,0,0,0,0,0,0,0,0,0,0,0,0,0,0,0,0,0,0,0,0,0,0,0,0,0,0,0,0,0,0,0,0,0,0,0,0,0,0,0,0,0,0,0,0,0,0,0,0,0,0,0,0,0,0,0,0,0,0,0,0,0,0,0,0,0,0,0,0,0,0,0,0,0,0,0,0,0,0,0,0,0,0,0,0,0,0
Zeta (P.2),0,0,0,0,0,0,0,0,0,0,0,0,0,0,0,0,0,0,0,0,0,0,0,0,0,0,0,0,0,0,0,0,0,0,0,2,0,2,1,0,0,0,0,0,2,0,3,3,8,4,5,9,2,8,6,7,5,1,1,0,0,0,0,0,0,0,1,0,0,0,0,0,0,0,0,0,0,0,0,0,0,0,0,0,0,0,0,0,0,0,0,0,0,0,0,0,0,0,0,0,0,0,0,0,0,0,0,0,0,0,0,0,0,0,0,0,0,0,0,0,0,0,0,0,0,0,0,0,0,0,0,0,0,0,0,0,0,0,0,0,0,0,0,0,0,0,0,0,0,0,0,0,0
Mu (B.1.621),0,0,0,0,0,0,0,0,0,0,0,0,0,0,0,0,0,0,0,0,0,0,0,0,0,0,0,0,0,0,0,0,0,0,0,0,0,0,0,0,0,0,0,0,0,0,0,0,0,0,0,0,0,0,0,0,1,0,1,0,2,0,3,1,1,1,1,4,4,1,6,8,15,5,15,7,2,2,1,2,0,0,0,0,0,0,0,0,0,0,0,0,0,0,0,0,0,0,0,0,0,0,0,0,0,0,0,0,0,0,0,0,0,0,0,0,0,0,0,0,0,0,0,0,0,0,0,0,0,0,0,0,0,0,0,0,0,0,0,0,0,0,0,0,0,0,0,0,0,0,0,0,0
Omicron (BA.1/B.1.1.529),0,0,0,0,0,0,0,0,0,0,0,0,0,0,0,0,0,0,1,3,0,0,2,0,0,0,0,0,0,0,0,0,0,0,0,0,0,0,0,0,0,0,0,0,0,0,0,0,0,0,0,0,0,0,0,3,9,6,5,0,0,0,0,0,3,3,5,4,5,7,0,0,0,0,0,0,0,0,0,2,0,0,0,0,0,0,2,0,0,0,0,0,0,7,38,339,1618,4091,7640,7516,5737,3681,2274,1740,933,506,394,298,204,121,42,27,16,16,10,5,4,3,2,15,1,3,0,0,1,0,0,0,0,1,1,0,0,0,0,1,0,0,0,0,0,4,0,0,0,0,0,0,0,0,0,0,0
Omicron (BA.2 sublineage),0,0,0,0,0,0,0,0,0,0,0,0,0,0,0,0,0,0,0,0,0,0,0,0,0,0,0,0,2,0,0,0,0,0,4,0,0,0,0,0,0,0,0,0,0,0,0,0,0,0,0,0,0,0,0,0,0,0,0,0,0,0,0,0,0,0,0,0,0,0,0,0,0,0,0,0,0,0,0,0,0,0,0,0,0,0,1,0,0,0,0,0,0,0,0,1,1,0,22,51,71,65,43,24,30,54,48,95,127,144,150,250,257,450,461,391,450,343,270,278,212,147,84,76,34,11,9,5,11,1,3,1,2,6,1,0,6,4,3,4,7,13,40,18,37,47,21,36,14,17,12,6,0
Omicron (BA.2.75),0,0,0,0,0,0,0,0,0,0,0,0,0,0,0,0,0,0,0,0,0,0,0,0,0,0,0,0,0,0,0,0,0,0,0,0,0,0,0,0,0,0,0,0,0,0,0,0,0,0,0,0,0,0,0,0,0,0,0,0,0,0,0,0,0,0,0,0,0,0,0,0,0,0,0,0,0,0,0,0,0,0,0,0,0,0,0,0,0,0,0,0,0,0,0,0,0,0,0,0,0,0,0,0,0,0,0,0,0,0,0,0,0,0,0,0,0,0,0,0,0,0,0,0,0,1,1,0,2,4,5,16,17,2,2,4,5,3,2,7,11,18,10,2,0,4,1,0,0,0,0,0,0
Omicron (BA.2.12.1),0,0,0,0,0,0,0,0,0,0,0,0,0,0,0,0,0,0,0,0,0,0,0,0,0,0,2,0,1,0,0,0,0,0,0,0,0,0,0,0,0,0,0,0,0,0,0,0,0,0,0,0,0,0,0,0,0,0,0,0,0,0,0,0,0,0,0,0,0,0,0,0,0,0,0,0,0,0,0,0,0,0,0,0,0,0,0,0,0,0,0,0,0,0,0,0,0,1,9,0,0,0,0,0,0,9,0,0,0,3,5,22,24,64,115,202,334,381,471,578,628,396,240,222,84,67,23,27,18,4,3,0,0,0,0,0,0,0,0,0,0,0,0,0,0,0,0,0,0,0,0,0,0
Omicron (BA.3),0,0,0,0,0,0,0,0,0,0,0,0,0,0,0,0,0,0,0,0,0,0,0,0,0,0,0,0,0,0,0,0,0,0,0,0,0,0,0,0,0,0,0,0,0,0,0,0,0,0,0,0,0,0,0,0,0,0,0,0,0,0,0,0,0,0,0,0,0,0,0,0,0,0,0,0,0,0,0,0,0,0,0,0,0,0,0,0,0,0,0,0,0,0,0,0,0,0,0,0,0,0,0,0,0,0,0,0,1,0,2,3,8,11,1,0,0,0,0,0,0,1,1,0,0,0,0,0,0,0,0,0,0,1,1,2,4,14,42,46,71,118,213,272,335,331,168,297,179,173,174,72,3
Omicron (BA.4),0,0,0,0,0,0,0,0,0,0,0,0,0,0,0,0,0,0,0,0,0,0,0,0,0,0,0,0,0,0,0,0,0,0,0,0,0,0,0,0,0,0,0,0,0,0,0,0,0,0,0,0,0,0,0,0,0,0,0,0,0,0,0,0,0,0,0,0,0,0,0,0,0,0,0,0,0,0,0,0,0,0,0,0,0,0,0,0,0,0,0,1,1,0,0,1,1,1,3,0,0,0,0,0,0,2,0,0,0,0,0,0,1,0,1,11,11,20,49,91,95,141,89,141,109,80,65,71,89,56,50,41,42,45,18,19,23,22,7,5,10,16,21,17,4,3,1,0,0,0,0,2,0
Omicron (BA.5),1,0,0,0,0,0,0,0,0,0,0,0,0,0,0,0,0,0,0,0,0,0,0,0,0,0,0,0,0,0,0,0,0,0,0,0,0,0,0,0,0,0,0,0,0,0,0,0,0,0,0,0,0,0,0,0,0,0,0,0,0,0,0,0,0,0,0,0,0,0,0,0,0,0,0,0,0,0,0,0,0,0,0,0,0,0,0,0,0,0,0,2,1,0,0,1,0,1,0,1,0,1,0,0,0,13,0,0,0,0,0,0,0,0,0,2,5,15,28,62,121,240,282,576,588,549,477,683,669,518,556,452,360,240,220,176,276,206,249,208,200,280,333,311,295,246,84,109,52,43,37,15,1